"Submission ID","Respondent ID","Submitted at","weight","height","gender"
"4OlDBb","OJ84KY","2024-07-04 12:08:22",78,165,"Male"
"Q4NaMg","rd2aR2","2024-07-04 12:08:26",63,163,"Male"
"6P6zje","xP9MEv","2024-07-04 12:08:27",75,170,"Male"
"bz1Eje","o7leYx","2024-07-04 12:08:28",65,170,"Male"
"LO4q7G","PX81Le","2024-07-04 12:08:28",63,157,"Female"
"1RQgdM","rd2aRR","2024-07-04 12:08:29",89,167,"Male"
"5VagjM","QJ8epG","2024-07-04 12:08:33",75,172,"Male"
"Y97K0q","e79Q8k","2024-07-04 12:08:34",74,160,"Male"
"DaREkb","WMlEXv","2024-07-04 12:08:34",79,171,"Male"
"Rjq6Ml","aDZ5Xb","2024-07-04 12:08:34",65,168,"Female"
"oz8ae1","6OrjYJ","2024-07-04 12:08:35",85,170,"Male"
"xz8LMG","LJ57jp","2024-07-04 12:08:37",43,168,"Female"
"qz87Gd","8PjaYP","2024-07-04 12:08:41",50,169,"Female"
"azpP4E","dDQaoK","2024-07-04 12:08:42",55,170,"Male"
"bz1Ee2","l7Vejv","2024-07-04 12:08:44",70,170,"Male"
"LO4qKO","OJ84Zg","2024-07-04 12:08:48",68.7,180,"Male"
"jz8ql6","6Orj0J","2024-07-04 12:08:55",47,145,"Female"
"pzY6DZ","8PjaDP","2024-07-04 12:09:03",65,155,"Female"
"OExeGA","xP9Mb5","2024-07-04 12:09:13",76,158,"Male"
"PrZWO0","RJ8Me9","2024-07-04 12:09:14",93,173,"Male"
"KGrN1K","xP9M8r","2024-07-04 12:09:21",20,100,"Female"
"zd8RDE","aDZ5pB","2024-07-04 12:09:24",50,170,"Male"
"gz8xMK","PX81ZV","2024-07-04 12:09:41",74,55,"Male"
"Rjq64v","XMOJbj","2024-07-04 12:10:16",68,165,"Female"
"2o9gkM","OJ8427","2024-07-04 12:10:26",55,167,"Male"
"dzJ4PV","AqW2g0","2024-07-04 12:10:33",70,160,"Male"
"MVjQL8","VMoQKJ","2024-07-04 12:10:45",65,162,"Female"
"jz8qL1","rd2aev","2024-07-04 12:10:52",60,178,"Male"
"jz8q9Q","yEe2L4","2024-07-04 12:11:26",60,157,"Female"
"OExedg","8Pja0A","2024-07-04 12:12:09",70,170,"Male"
"RroV7K","rd2aRR","2024-07-10 12:04:20",89,167,"Male"
"G7pQNe","DJPZGj","2024-07-10 12:04:34",85,170,"Male"
"PP9GM1","RJaV9p","2024-07-10 12:04:36",112.8,179,"Male"
"VxP4RM","4oyp6B","2024-07-10 12:04:37",69,169,"Male"
"EalNjB","j7YkR6","2024-07-10 12:04:37",49,155,"Female"
"4G7pWA","xP1lqJ","2024-07-10 12:04:38",90,170,"Male"
"jEokdJ","RJaVNP","2024-07-10 12:04:38",75,179,"Male"
"x6Dlkv","GJ4QGz","2024-07-10 12:04:39",55,156,"Female"
"WZRjGk","j7YkR9","2024-07-10 12:04:41",60,167,"Male"
"al4abX","2JyDWb","2024-07-10 12:04:41",75,163,"Female"
"B9p2OR","NJQRjb","2024-07-10 12:04:43",60,155,"Female"
"gOqvjD","7VzpAz","2024-07-10 12:04:47",70,170,"Male"
"6VKMJY","o7leYx","2024-07-10 12:04:58",65,170,"Male"
"7PKMl0","DJPZjp","2024-07-10 12:04:58",82,180,"Male"
"DWpM4N","2JyDpb","2024-07-10 12:05:03",77,178,"Male"
"OVXkDY","NJQRab","2024-07-10 12:05:04",60,168,"Female"
"2RA7E9","vO1dl8","2024-07-10 12:05:09",60,164,"Female"
"XNoz5Y","o71kJM","2024-07-10 12:05:15",86,178,"Male"
"0A8aVj","OJ9oRA","2024-07-10 12:05:15",70,160,"Male"
"VxPDpy","xP1lG9","2024-07-10 12:05:19",70,170,"Male"
"EalMqr","o71kJ5","2024-07-10 12:05:19",84,175,"Male"
"PP9kpe","OJ8427","2024-07-10 12:05:35",56,167,"Male"
"6VKMKP","e7lYdQ","2024-07-10 12:06:13",58,164,"Female"
"9rZMdG","j7YvaQ","2024-07-10 12:07:13",70,168,"Female"
"KRxkoM","RJakWK","2024-07-10 12:07:35",62,160,"Male"
"DWpM1b","j7YveQ","2024-07-10 12:07:38",83,157,"Male"
"jEovMR","PXekRB","2024-07-10 12:07:42",75,173,"Male"
"4G7zjB","NJQdqO","2024-07-10 12:07:44",52,141,"Female"